{
  "n_estimators": 112,
  "learning_rate": 0.01346446454047075,
  "num_leaves": 27,
  "subsample": 0.8116286437311704,
  "colsample_bytree": 0.9576228056952594,
  "max_depth": 3,
  "min_child_samples": 97,
  "reg_alpha": 1.6829559843530029,
  "reg_lambda": 0.44657358150851434
}