{
  "buy_threshold": 0.17630173274476119,
  "sell_threshold": 0.11594370193194029,
  "optimized_at": "2025-10-23T10:12:03.722198"
}